index	log2_fold_change_Condition 4	padj_Condition 4	Regulation_Condition 4	Description_Condition 4
gene_27	2.01548374226811	0.0999874763486756	Up	Does stuff
gene_28	1.83198833511664	0.102750109808708	Up	Does stuff
gene_29	1.64849292796517	0.105512743268741	Down	Does stuff
gene_30	1.54602941070645	0.1088075864592	Up	Does stuff
gene_31	1.3868435705228	0.111729882838361	Up	Does stuff
gene_32	1.22765773033915	0.114652179217522	Up	Does stuff
