index	log2_fold_change_Condition 1	padj_Condition 1	Regulation_Condition 1	Description_Condition 1	log2_fold_change_Condition 2	padj_Condition 2	Regulation_Condition 2	Description_Condition 2	log2_fold_change_Condition 3	padj_Condition 3	Regulation_Condition 3	Description_Condition 3	log2_fold_change_Condition 4	padj_Condition 4	Regulation_Condition 4	Description_Condition 4
gene_13	0.1223243645358747	0.04893778843137031	Up	Does stuff	0.1223243645358747	0.04893778843137031	Up	Does stuff	0.1223243645358747	0.04893778843137031	Up	Does stuff	0.1223243645358747	0.04893778843137031	Up	Does stuff
gene_14	0.7206705907480053	0.0714574443725423	Up	Does stuff	0.7206705907480053	0.0714574443725423	Up	Does stuff	0.7206705907480053	0.0714574443725423	Up	Does stuff	0.7206705907480053	0.0714574443725423	Up	Does stuff
gene_15	3.0272741969534067	0.025640580995782505	Up	Does stuff	3.0272741969534067	0.025640580995782505	Up	Does stuff	3.0272741969534067	0.025640580995782505	Up	Does stuff	3.0272741969534067	0.025640580995782505	Up	Does stuff
gene_16	3.1176340798137305	0.08411566013132271	Up	Does stuff	3.1176340798137305	0.08411566013132271	Up	Does stuff	3.1176340798137305	0.08411566013132271	Up	Does stuff	3.1176340798137305	0.08411566013132271	Up	Does stuff
gene_17	2.878778348086683	0.01506788699281504	Down	Does stuff	2.878778348086683	0.01506788699281504	Down	Does stuff	2.878778348086683	0.01506788699281504	Down	Does stuff	2.878778348086683	0.01506788699281504	Down	Does stuff
gene_18	3.846502228367445	0.06472187753645918	Down	Does stuff	3.846502228367445	0.06472187753645918	Down	Does stuff	3.846502228367445	0.06472187753645918	Down	Does stuff	3.846502228367445	0.06472187753645918	Down	Does stuff
gene_19	2.983291474406001	0.09854826887647633	Down	Does stuff	2.983291474406001	0.09854826887647633	Down	Does stuff	2.983291474406001	0.09854826887647633	Down	Does stuff	2.983291474406001	0.09854826887647633	Down	Does stuff
gene_20	0.7603486552536332	0.07866450823603105	Down	Does stuff	0.7603486552536332	0.07866450823603105	Down	Does stuff	0.7603486552536332	0.07866450823603105	Down	Does stuff	0.7603486552536332	0.07866450823603105	Down	Does stuff
