index	log2_fold_change_Condition 1	padj_Condition 1	Regulation_Condition 1	Description_Condition 1	log2_fold_change_Condition 2	padj_Condition 2	Regulation_Condition 2	Description_Condition 2	log2_fold_change_Condition 3	padj_Condition 3	Regulation_Condition 3	Description_Condition 3
gene_7	0.6069997129355538	0.01122637565108623	Down	Does stuff	0.6069997129355538	0.01122637565108623	Down	Does stuff	0.6069997129355538	0.01122637565108623	Down	Does stuff
gene_8	2.2702161435303467	0.06611941478654101	Up	Does stuff	2.2702161435303467	0.06611941478654101	Up	Does stuff	2.2702161435303467	0.06611941478654101	Up	Does stuff
gene_9	3.462805939449374	0.045431716006825024	Up	Does stuff	3.462805939449374	0.045431716006825024	Up	Does stuff	3.462805939449374	0.045431716006825024	Up	Does stuff
gene_10	1.6328729474116441	0.09849549978774022	Up	Does stuff	1.6328729474116441	0.09849549978774022	Up	Does stuff	1.6328729474116441	0.09849549978774022	Up	Does stuff
gene_11	2.968659843244125	0.03719927579711111	Up	Does stuff	2.968659843244125	0.03719927579711111	Up	Does stuff	2.968659843244125	0.03719927579711111	Up	Does stuff
gene_12	1.2289707568503312	0.04345243666759135	Up	Does stuff	1.2289707568503312	0.04345243666759135	Up	Does stuff	1.2289707568503312	0.04345243666759135	Up	Does stuff
