index	log2_fold_change_Condition 3	padj_Condition 3	Regulation_Condition 3	Description_Condition 3	log2_fold_change_Condition 4	padj_Condition 4	Regulation_Condition 4	Description_Condition 4
gene_24	2.41519005873956	0.0918858305627305	Down	Does stuff	2.41519005873956	0.0918858305627305	Down	Does stuff
gene_25	2.33546259603716	0.094414897716684	Down	Does stuff	2.33546259603716	0.094414897716684	Down	Does stuff
gene_26	2.25573513333476	0.0969439648706376	Down	Does stuff	2.25573513333476	0.0969439648706376	Down	Does stuff
