index	log2_fold_change_Condition 1	padj_Condition 1	Regulation_Condition 1	Description_Condition 1	log2_fold_change_Condition 2	padj_Condition 2	Regulation_Condition 2	Description_Condition 2
gene_4	3.366235687511711	0.011029997082505849	Down	Does stuff	3.366235687511711	0.011029997082505849	Down	Does stuff
gene_5	2.201085950691872	0.06310752011033044	Down	Does stuff	2.201085950691872	0.06310752011033044	Down	Does stuff
gene_6	2.9201458366644326	0.06821928947109467	Up	Does stuff	2.9201458366644326	0.06821928947109467	Up	Does stuff
